Folder Name ,Description,Remark 
"Юзефовский парк , Daugavpils",Empty,
"Zwolferkogelbahn , Saalbach-Hinterglemm",There is a snow-covered mountain range. The region is surrounded by the tropical jungles with coniferous trees. People can enjoy ice sports and adventures.,
"Zweisimmen Castle Trail , Zweisimmen",There is snow studded mountain range overlooking the greenery. People enjoy various ice sports activities like skiing and skating. People can easily reach the holiday destination through rail routes.,
"Zweisimmen - Rinderberg - Hornberg- Schonried , Zweisimmen","There is a valley covered with lush greenery and open grasslands. There are multiple houses, which is surrounded by meadows. There are people talking a walk in the valley and you can travel through the ropeway to reach the snow covered mountain ranges.",
"Zugvogelschutzgebiet Leitersdorf , Bad Waltersdorf",There is a restaurant with luxury interiors and an indoor swimming pool. The restaurant serves with mouth-watering savory to relish on. There is store inside the restaurant that provides with the cooking accessories and ingredients.,
"Zuckerberg Island Heritage Park , Castlegar",Empty,
"Zuanich Point Park , Bellingham",This is one of the busiest harbors on the sea coast. The harbor offers an opportunity to boat-based watersports. There are a nearby park and a recreational facility for kids and adults to enjoy the nice weather.,
"ZSL Whipsnade Zoo , Dunstable",You are here at the most exciting open-end zoo in the world with unique species. The zoo organizes special shows with eels and has elephant parade as well. It has toy train for kids to go to the park having a perfect glimpse.,
"Zrodelko Milosci , Mragowo","There is one of the best hikes amid the rainforest, where people can enjoy cycling. The picnic-spot like destination has many unique stone structures. Amidst stones, there flows a spring water to offer a kaleidoscopic view.",
"Zouping Huang Mountain , Zouping County",There is a luxury hotel situated in the backdrop of mountain ranges. There is a pagoda nearby hotel for sightseeing. There is a car manufacturing factory near the hotel,
"Zorinsky Lake and Recreation Area , Omaha","This is a lake with the recreation park in the backdrop of lush greenery. There is a waterpark and resort where people can enjoy and have a fun time with family. There is a road covered by trees on both the sides, people can also enjoy fishing on the banks of the river.",
"Zoo Lake , Johannesburg",There is a lake with fountains that provide a picturesque ambiance. People can enjoy boating and watch ducks swimming in the lake. There is a beautiful place filled with lights provided for resting and savor on delicious eatery.,
"Zoo Bubalco , General Roca",This is a magnanimous Zoo spread across the wide area to accommodate many species of birds and animals. It has a unique temperature control system to provide a conducive environment to the birds and animals People can visit and witness unique species of birds and animals.,
"zong jiao lu kang , Lhasa","There is a creaky fort overlooking the gorgeous lake creating mesmerizing tourist spot. The lake has a small bridge, a pagoda-shaped shelter, and a pagoda for meditation. People also can enjoy a boat ride.",
"Zona Recreativa Las Raices , La Esperanza",Empty,
"Zona de Escalada Roc de la Coma d'Erts , La Massana",This is a rock mountain with steep sides soars above the gorgeous town. The mountain is encircled by the thick layer of trees and plants. The steep sides offer perfect opportunity for those looking for rock climbing.,
"Zolotari Beach , Nakhodka",Empty,
"Zminje Lake , Zabljak",There is a beautiful old time lake with a magnificent background of pine tree forest and a mountain range. The lake is surrounded by many unrecognized plant species The adventurist can have their own ways of fishing and boating.,
"Ziyun Valley Waterfall Group , Xinhua County",There is an old fort with a canal structure surrounding it. The fort is encapsulated by the small villages and a Greenland suited for terrace farming. An artificial waterfall is erected to attract the tourist in the region.,
"Ziyun Mountain Scenic Resort , Pingshan County",There is a valley with a river flowing surrounded by green trees on both the sides. There is a Chinese military academy with housing quarters on the sides of the house,
"Zixia Lake Park , Nanjing",Empty,
"Ziraat - Botanik Cay Bahcesi , Rize","There is a botanical garden. The garden is developed using many exquisite trees, plants, and flowers. The garden has a statue at the entrance.",
"Zimao Mountain , Jinjiang",There is a mountain range fully covered by tropical trees and plants. There is riverine flowing from the middle of the mountain range to recreation spot. There is a shop of antique Chinese edifices and restaurants.,
"Zilker Botanical Garden , Austin",Empty,
"Zijin Mountain Forest Park , Hengshan County",Empty,
"Zibo Botanical Garden , Zibo","There is a botanical garden on the circumference of the pond. The garden has rare species of trees, plants, and flowers. It has a play area with a few rides for the children.",
"Zi Jiang , Ziyuan County","Witness one of the gorgeous landfalls on the earth. The tourist destination has hidden villages, stone ridges right on the bank of the river. People can enjoy river rafting adventure.",
"Zhutuo Mountain , Yongdeng County",There is a mountain range overlooking the small town that offers amazing natural scenery. The mountain has Buddhist temple built in the 12th century. It has path built through a forest dominated by bamboo trees.,
"Zhurong Peak , Hengyang",This is the highest mountain pick of all in the mountain range covered with thick tropical forest. The mountain has Chinese temple revered by many. There is a cable car travel before people can climb the mountain.,
"Zhuonaihu Tibetan Antelope Aggregation , Golmud","There is a rare combination of the mountain range and a wide, large river. There is a boating facility available for boating. The rate combination has peddy farms as well.",
"Zhuhai National Forest Park , Chishui",Welcome to the thick forest dotted with bamboo trees. It has a lake surrounding the new construction of tourist facilities. The park is well-known for its mushrooms.,
"Zhu's Family Garden (Zhu Jia Huayuan) , Jianshui County",There is garden specially developed for the family recreation. It is a known picnic spot with fascinating landscaping. It has Chinese style restaurants for snacks and beverages.,
"Zhu Nan Seaside Forest Recreational Area , Miaoli County",There is a huge and gorgeous park on the soar of the sea around the beach. The park has many recreational activities for kids. You can view windmills on the soar from the distance.,
"Zhouzhi Golden Monkey Reserve , Zhouzhi County",There is a natural reserve for the monkeys amidst thick jungles. The forest has one of the rarest species of the monkeys in Asia. People can see monkeys busy in their daily activities and fun.,
"Zhouzhi County Nature reserve of Shaanxi , Zhouzhi County","There is an abundance of nature in this natural reserve. There is a rare combination of a mountain peak, river, and forest. People can witness animal life here freely.",
"Zhouluo Grand Canyon , Liuyang",There is a mountain range along with a river flowing in the midst of the dense forest. There is a bridge over the river that connects the two sides of a city. People can enjoy adventure sports like river rafting.,
"Zhouhe River , Da County",There is a grand hotel with luxurious amenities. There are a spacious and comfortable bedroom and dining rooms. The reception and hotel staff is always available for the guest services.,
"Zhongzheng Park , Keelung",Empty,
"Zhongyinbao Lake , Wuzhong",This is a hotel with a range of bedrooms depending on the area and type of suites. There is a large corridor at the entrance of the hotel. People can have a serene walk in the nearby riverside area outside the hotel.,
"Zhongshan Park of Yinchuan , Helan County",Empty,
"Zhongshan Park of Baise , Jingxi County",Empty,
"Zhongshan Lake , Pingshan County","Welcome to the perfect combination of comfort and activities in this boutique hotel. Each room brings you a unique character and not many amenities. Gorgeous rooms, king-size bed, personal mini bar and lot to have a great time.",
"Zhonglong Mountain in Zizhong , Zizhong County","There is this amazing motel amidst long highway for people to have a night stay. Big, broad rooms with 24 hours room service. You can also relish the food of your choice.",
"Zhonghuo Mountain of Huazhou , Huazhou",Witness the all-around development from the gorgeous room of the incredible hotel. The hotel has a conference room. The hotel offers great dinner and lunch options.,
"Zhinan Mountain , Lin'an","Fall for the winter sports amidst snowfall between two mountain range. There is a lack nearby to spend a peaceful time. Amidst forest, there is a pagoda-like building on the top of the mountain.",
"Zhijiang Lake , Yizhang County",There is jaw-dropping mountain peak overlooking the small town and a huge lake. The mountain range is covered with thick forest and wild animals. There is stairway to climb onto the mountain for breathtaking views.,
"Zhidongshi Tourist Area , Fei County",There is gigantic mountain range covered with thick layers of greenery. There is a cable car passing through each mountain peak. People can enjoy an amazing ride through ropeway to visit many temples.,
"Zhenwuding Mountain , Nanzhao County",Welcome to the most challenging mountain range and a valley to feel the heart beats. There are temples on the mountain and stairway. People can enjoy fishing by the side of the river.,
"Zhengqi Mountain , Weihai",Feel the Chinese economic boom right in the corridor of this lavish hotel. It has a budget as well as pricy rooms. The hotel is located right in the center of the business town.,
"Zhanyuan Garden , Nanjing",Witness the traditional Chinese style garden with pagoda-like rest shelter at regular intervals. The garden has theme based landscaping. It also has an artificial pond in the center.,
"Zenkoji Temple Park , Fukuchiyama",There is park fully dedicated to the Chinese temple. The temple receives many followers each year in reverence for a blessing. There is old-style railway engine parked as a monument.,
"Zengyuan Garden , Changshu",Empty,
"Zengoro no Taki , Matsumoto",Witness magical moments viewing water falling from the rock in the forest. There is a riverside bridge to take amazing pictures of the waterfall. There is a temple nearby to pay the peaceful visit.,
"ZEALANDIA Sanctuary , Wellington",There is a river flowing amidst the dense and natural forest. There stands a conical structure on the banks of the river. People can enjoy walking down the road amidst the beautiful nature.,
"Zauberwald Rauschelesee , Keutschach am See",This is a recreational park where people of all age and kids have fun in various entertaining games. There is a beautiful building and a road walks in front of it where people can have a bicycle ride. Besides the are is a river flowing giving the surrounding a gorgeous view.,
"Zarwani Waterfall , Bharuch",There is a white waterfall cascading down the mountain hills. People can enjoy the water where the waterfall tumbles down to form a lake. The area is surrounded by lush and pleasant greenery.,
"Zaoshuihan Waterfall , Dong'an County",There is a waterfall falling down from a mountain range providing a beautiful picturesque. There is a huge hotel building in the beautiful backdrop of the city. There is a hotel with a variety of suites available both in single and double beds.,
"Yuvarlak Cay , Koycegiz","There is a recreational park, where people can enjoy swings and the scene of an artificial waterfall. There are seats and places made above the lake. People can enjoy meals and relax in the shelter available in the park.",
"Yuushien Garden , Matsue","There is a garden carved out of hilly rocks. Garden has many indigenous trees, unique plants, and amazing floral properties. The garden is designed with gorgeous pathways for people to walk and play.",
"Yutorist Park Otoyo , Otoyo-cho",Empty,
"Yutaki Waterfall , Nikko",There is an amazement called forest made of trees in many colors and shades of green. Amid this forests flows a waterfall on a sloppy mountain. There is a bridge from where people can enjoy amazing views.,
"Yurim Park , Daejeon",Empty,
"Yumbilla Falls , Chachapoyas","There is world's one of the deepest waterfall. The waterfall falls from the great height of the rock mountain. Between the lush green forest body, people visit to enjoy the nature and adrenaline driven fun.",
"YS Falls , Santa Cruz",Welcome to one of the most enchanting and fun-driven waterfalls in the world. Multi-step waterfall with cascading effect and force of the water make many adventurous. The place has resort and swimming pool as well.,
"Youngs Creek Falls , Orbost",There is not-so-steep rock trail that can be ventured by anyone. There are gorgeous pathways and man-made small bridges to cross thin forest area. There is a riverine flowing amid rocks offering amazing views to visitors.,
"Yosomiyama Foot Pass Course , Toyako-cho","There is a magnificent foot pass course developed with lush green parks surrounded. The golf course provides a breathtaking view of mountain range. There is a club, swimming pool, and a restaurant.",
"York Township Park , York","Empty",
"Yonah Mountain Hiking Trail , Helen",There is this amazing mountain trail in the backdrop of a small town. There are gorgeously curved pathways leading to the mountain. People fascinated with hiking regularly visit the place.,
"Yeungnam University Love Road , Gyeongsan",There is this amazingly beautiful road connecting the city with the university campus. The road has various trees and green plants standing by its side. There are a statue and a big administrative building.,
"Yellow Rock Trail , Kanab","One of the rarest beauty of nature is this yellow rock trail with bright, shiny yellow stones. There is a river-surface like the long texture on every stone. The rocks are having cascading effect from top to bottom.",
"Yaya Beach , Mahahual",Empty,
"Yanbu Al-Bahr Beach , Yanbu",Empty,
"Xepa Beach , Sao Miguel do Gostoso",Empty,
"Wood Neck Beach , Falmouth",Empty,
"Wobiri Beach , Exmouth",There is a beach with wild and flushing waves. The beach has clear waters and amazing life beneath deep waters. People who love surfing can have endless fun.,
"Windlass Bight Beach , Anegada",Empty,
"Williamsons Beach , Wonthaggi","There is a pristine, clean and gorgeous beach. There is send duns and rock pathways to take a peaceful walk. People can enjoy watersports or sunbath.",
"White Sand Beach , Khao Lak",Empty,
"White Horse Beach , Plymouth",Empty,
